gene;cluster
TXNIP;1
SLAMF9;1
PLOD2;1
MME;1
LOX;1
HILPDA;1
NDRG1;1
CA9;1
C10orf10;1
ENO2;1
LINC00520;1
ALDOC;1
SERPINE1;1
SEMA4B;1
P4HA1;1
BNIP3;1
PGK1;1
ZP1;1
ERO1A;1
BNIP3L;1
SLC2A1;1
FN1;1
RASSF4;1
GBE1;1
ISG20;1
OSMR;1
P4HA2;1
RP11-400N13.3;1
MXI1;1
CD68;1
SERPINE2;1
INSIG2;1
BACE2;1
LOXL2;1
GS1-600G8.5;1
SCD;1
FAM162A;1
ANG;1
ITPR1;1
KDELR3;1
C4orf3;1
ITGA5;1
NGLY1;1
VEGFA;1
TREM1;1
LAT;1
TMSB4X;1
AC003092.1;1
CIB1;1
ALDOA;1
SLC16A3;1
RP11-798M19.6;1
IL1B;1
KRT15;1
ARG2;1
ANKRD37;1
POC1B;1
PPP1R13L;1
P4HB;1
TPBG;1
GPI;1
IAH1;1
TNNT1;1
RP11-575F12.3;1
HAS2;1
PFKL;1
DNASE1L1;1
MIR210HG;1
FAM20C;1
WSB1;1
SLC6A8;1
LPO;1
SBSN;1
MAGED2;1
ADGRL4;1
PLD3;1
ID1;1
CCDC107;1
POLD4;1
PGF;1
CITED2;1
UBA6;1
BHLHE40;1
PRSS3;1
RELA;1
MAP2K1;1
LMAN1;1
HK1;1
DLGAP4;1
TRIML2;1
SDC2;1
LAMA4;1
RGS17;1
DHCR7;1
QSOX1;1
TMBIM1;1
CPNE3;1
GNG11;1
CCDC109B;1
LAMB3;1
DHRS7;1
MSMO1;1
EGLN3;1
FAM114A1;1
SEZ6L2;1
HSD11B1;1
FNTA;1
ZCCHC7;1
ELL2;1
LTBP3;1
NOL3;1
COL6A3;1
MPI;1
IL1RAP;1
PYGL;1
FOSL1;1
CTSB;1
WIPI1;1
EPB41L3;1
JMJD6;1
RAB20;1
SRD5A3;1
RPL17;1
ERGIC1;1
FUT11;1
ACAT2;1
IDH2;1
SMTN;1
WDR54;1
BTG1;1
SHB;1
SMAP1;1
INSIG1;1
CSNK1D;1
PHF1;1
CA12;1
KCMF1;1
C4orf47;1
KDELR2;1
LRP1;1
SAP30;1
STC1;1
VKORC1;1
FAM3C;1
PDK1;1
CFAP36;1
MVD;1
SEC24A;1
ASPH;1
HMGCL;1
SCG5;1
RP11-395G23.3;1
CLMP;1
RP11-366H4.1;1
WFDC3;1
ZBTB25;1
TAOK3;1
CCDC53;1
LINC00261;1
GAPDH;1
MPZL1;1
CDKN2D;1
LOXL3;1
SLC14A1;1
TFB1M;1
KLC1;1
ECM1;1
GDI1;1
PTEN;1
DDX50;1
IGFBP7;1
CMTM7;1
PLAUR;1
KCNN4;1
PCAT6;1
DRAM2;1
USP3;1
AMPD2;1
DKK3;1
CD55;1
DNAJB2;1
TMEM45A;1
BCAP29;1
TSC22D3;1
F11R;1
YIPF2;1
ATP2B1;1
STXBP1;1
CSRP2;1
LIMCH1;1
TPD52;1
F3;1
ZNF385A;1
ARHGAP22;1
NPEPPS;1
NMU;1
PFKFB4;1
ESM1;1
SLC6A6;1
WDR45B;1
CECR5;1
PGAM1;1
MVK;1
AMPD3;1
SNX9;1
UBE2V2;1
SDCBP;1
ZFYVE21;1
PBX3;1
SLC35B2;1
LINC01588;1
EBP;1
DERL1;1
VEGFC;1
EGLN1;1
ADAM9;1
ERRFI1;1
ACSL3;1
TBC1D9B;1
PLOD1;1
HIST3H2A;1
AHNAK2;1
RDH11;1
RAB32;1
CTA-29F11.1;1
NIT1;1
TMEM263;1
TMEM9;1
SLC39A11;1
SEC31A;1
KLF7;1
DECR1;1
ENO1;1
MLXIP;1
CLEC2B;1
NAV1;1
CCNG2;1
EIF5A2;1
RAI14;1
VLDLR;1
ANKRD12;1
SPINK1;1
AK4;1
TUBA4A;1
PERP;1
BET1;1
HDAC3;1
SNX7;1
TRAM1;1
GOLT1B;1
DTNA;1
EIF4A3;1
MKRN1;1
ASAP1;1
C12orf76;1
CD46;1
GLIPR1;1
SCARB2;1
KDELR1;1
CCDC80;1
FAM210A;1
YIPF5;1
C9orf9;1
EHD2;1
DDX41;1
UFSP2;1
RP11-841O20.2;1
PDE4DIP;1
SMPD1;1
RP11-11N9.4;1
OS9;1
SCAMP2;1
FDPS;1
EPAS1;1
WSB2;1
SUCLG2;1
SMS;1
HEBP1;1
GLTP;1
PAM;1
SPATS2;1
FAM216A;1
ARL1;1
CCNI;1
IL32;1
RHOC;1
SQLE;1
SLCO4A1;1
BCKDK;1
CD59;1
FDFT1;1
UGP2;1
SPOCK1;1
PTPRR;1
SOX4;1
ZKSCAN1;1
MSANTD3;1
A1BG;1
PDK3;1
TMEM70;1
ALKBH5;1
STEAP1;1
ELOVL5;1
RP11-390P2.4;1
ZNF292;1
ANTXR2;1
NSMCE1;1
LUCAT1;1
COPB2;1
PVRL2;1
MTMR11;1
RP11-357H14.17;1
HPS3;1
NUCB2;1
SCOC;1
CINP;1
PDIA6;1
CALU;1
SEC23A;1
MGAT1;1
STARD4;1
SQRDL;1
TNIP1;1
TRIQK;1
SEMA5A;1
ARFGAP3;1
CLDND1;1
PPP1R12A;1
NPAS2;1
PPA2;1
IDI1;1
EVI2A;1
SGCE;1
NUP58;1
PLS3;1
TMEM154;1
SNAPC3;1
APMAP;1
LRRC42;1
TAF7;1
SPAG9;1
PPP2R5B;1
RRBP1;1
AP1S2;1
TAF12;1
LINC01583;1
ABTB1;1
OSTF1;1
SNX21;1
MAGED1;1
POFUT2;1
TPST2;1
IFFO1;1
GBAS;1
NCKIPSD;1
FAM13A;1
FAM219A;1
P3H1;1
TMF1;1
CERS2;1
HLA-A;1
SDCCAG8;1
GLT8D1;1
TGFBR2;1
IL10RB;1
SNHG18;1
EIF4EBP1;1
PHF11;1
TMED9;1
TFG;1
CERCAM;1
TGFB1I1;1
ITGBL1;1
FAM63B;1
PSMD9;1
PPARD;1
RAP1B;1
FUCA2;1
UBN1;1
COPG1;1
EIF3E;1
SLC44A1;1
CRIP2;1
SCAMP1;1
FXYD5;1
USO1;1
GYG1;1
RPS4Y1;1
MMP14;1
TMEM107;1
TUBA1A;1
SUN2;1
NRN1;1
SORBS3;1
SNX14;1
DSE;1
SLC17A5;1
DYRK4;1
CRABP2;2
AC019172.2;2
PARP16;2
MT1X;2
BCL2A1;2
TM4SF19;2
CYSTM1;2
ID3;2
HK2;2
NRIP3;2
PSAP;2
GSTM3;2
LDHA;2
RRAS;2
SERINC2;2
CD44;2
TFF2;2
CCDC30;2
NARF;2
TRPT1;2
EEF1G;2
CMB9-22P13.1;2
CORO1B;2
FHL2;2
HEXB;2
RP11-367F23.2;2
NPC1;2
PNRC1;2
GABARAP;2
MAD1L1;2
IGFBP6;2
CLK3;2
NINJ1;2
HSPB1;2
GLRX;2
ZPR1;2
SP100;2
TMEM176B;2
DNER;2
PDIA3;2
SLC2A3;2
ATP13A3;2
TKT;2
GRN;2
APLP2;2
ATP6AP2;2
PFKP;2
CDKN1A;2
PDXK;2
CACNA1B;2
WBP2;2
PHLDA3;2
PITPNC1;2
ZNF581;2
CTSA;2
CATSPER1;2
TMEM134;2
HTRA1;2
MFSD10;2
EPB41L4A-AS1;2
GNAI3;2
CCNG1;2
MBOAT7;2
DPCD;2
CRYL1;2
NEK6;2
NPC2;2
LTA4H;2
EVA1B;2
SERPINB6;2
SELM;2
SERINC3;2
HEXA;2
ECI2;2
SOD2;2
EIF4A2;2
EIF3D;2
UBC;2
CD151;2
CTSD;2
RP11-49I11.1;2
TIMP1;2
FTL;2
LETMD1;2
DDOST;2
NUCB1;2
VAT1L;2
LTBP1;2
FKBP10;2
UQCRC2;2
DARS;2
NEAT1;2
PPP2R1A;2
ERP44;2
FEZ2;2
PI3;2
DHPS;2
LGALS3;2
FBXO17;2
MXRA7;2
PMP22;2
CCT8;2
SEC13;2
JARID2;2
GRINA;2
GAPLINC;2
CXCL8;2
BLVRB;2
TSG101;2
SMIM1;2
DNAJB9;2
CADM1;2
ERGIC3;2
ZFAS1;2
APP;2
C6orf48;2
CHMP4B;2
GRSF1;2
FOSL2;2
PRDX4;2
ZMAT3;2
SAT2;2
ZNF277;2
NUDT22;2
TRIP10;2
IL36B;2
FAM50A;2
ACOT13;2
RNASET2;2
FGF10-AS1;2
CD300A;2
TPM2;2
HSP90B1;2
HIST1H2AC;2
SDHA;2
PKM;2
HES4;2
HSPA8;2
NFKBIL1;2
ZNF560;2
FAM89B;2
TWF1;2
ACTA2;2
PTPRE;2
LGALS3BP;2
BZW1;2
RUNX1;2
RIOK3;2
CHPF;2
TTC9C;2
HLA-B;2
YBEY;2
EEF2;2
VEGFB;2
CTNNA2;2
TGFA;2
RRAGC;2
VDAC2;2
CPNE1;2
ETS1;2
IGBP1;2
ILK;2
RORA;2
MTCH2;2
CHID1;2
DNAJC4;2
ATXN10;2
CSNK1E;2
DALRD3;2
HLA-E;2
TRIOBP;2
CD63;2
TMEM132A;2
PGM1;2
GSTO1;2
PIGT;2
IDH3G;2
YIF1A;2
NUDT14;2
SND1;2
TMEM120A;2
THG1L;2
TPP1;2
NBEAL1;2
RB1;2
PLIN3;2
THUMPD3;2
OPTN;2
RNH1;2
NKAP;2
PMPCB;2
C15orf48;2
RGL2;2
WDR45;2
MFI2;2
DDIT3;2
CSNK2B;2
UQCRC1;2
ATP5B;2
ATP1A1;2
NDUFS2;2
GNAS;2
PPP1R15A;2
RPN2;2
ATP5EP2;2
TGIF1;2
RNF114;2
SCCPDH;2
DBP;2
METRNL;2
MT2A;2
IGHA1;2
ACBD3;2
RTN4RL2;2
CTNNA1;2
MRPL10;2
BASP1;2
COL6A1;2
NOB1;2
STAMBP;2
USE1;2
TRADD;2
BRI3;2
ORAI3;2
GHITM;2
PJA2;2
LRP10;2
BAG6;2
ANXA4;2
TM2D1;2
GID8;2
LAPTM4A;2
C14orf166;2
RARS;2
GALE;2
UBXN6;2
ANXA11;2
HIPK2;2
TSEN34;2
SRPK2;2
PINK1;2
RABAC1;2
GOSR2;2
FTH1;2
SYPL1;2
RELB;2
SHOC2;2
B3GAT3;2
TRAP1;2
HERPUD1;2
TMED3;2
CCNB1IP1;2
GRAMD1A;2
PLXNB2;2
FLYWCH2;2
DCTN2;2
IMPDH2;2
IL24;3
ANXA10;3
CD74;3
HLA-DRA;3
MT-ND4L;3
EEF1A2;3
HBEGF;3
FLT1;3
TMEM255B;3
CEMIP;3
HLA-DPA1;3
VCX;3
ATF3;3
LRRC38;3
FILIP1;3
VCX3B;3
TEX29;3
HLA-DRB1;3
NEFL;3
MDK;3
TSC22D1;3
DPYSL3;3
NR4A1;3
KRT81;3
LSP1;3
PDLIM1;3
PLAT;3
TRAC;3
MT1E;3
GJB2;3
C19orf33;3
NAMPT;3
TXNRD2;3
SGK1;3
ZFP36;3
JUND;3
TNFSF15;3
ABHD17C;3
CMSS1;3
ISG15;3
VGF;3
LINC00958;3
CD7;3
NNMT;3
SNHG25;3
SNHG19;3
PAGE1;3
GDF15;3
AC090498.1;3
MT-ATP8;3
HMGN3;3
CCL2;3
CHMP1B;3
TOMM5;3
SNHG9;3
RP11-669N7.2;3
PMAIP1;3
RHOB;3
SMIM4;3
ARHGDIB;3
NFKBIA;3
SEPW1;3
DMKN;3
VMP1;3
IRF1;3
PLEK2;3
VCX3A;3
S100A4;3
COL4A1;3
HSPA1A;3
RP11-386I14.4;3
CLU;3
SNRNP25;3
LINC01021;3
RP11-670E13.6;3
PAPPA;3
BST2;3
AMOTL2;3
DAAM1;3
CTD-3252C9.4;3
CSTF3;3
TPST1;3
TPO;3
SLC30A1;3
SMARCD1;3
PDPN;3
ARL14EPL;3
SVIL;3
PRPF4B;3
NR4A2;3
TIMM8B;3
MT-ND5;3
ATP5G1;3
PMEPA1;3
GRAMD1B;3
DAP;3
MAGEC2;3
MRPL23;3
C20orf27;3
NTM;3
HBE1;3
SFRP1;3
GALNT8;3
MYBL2;3
EIF3J;3
KIF9;3
ETS2;3
GPATCH4;3
CEBPD;3
AJAP1;3
NOG;3
POLR3K;3
ALDH2;3
SRSF2;3
RRP15;3
TSPAN9;3
IFI27;3
LRRC17;3
RNF220;3
CMTM8;3
SNHG15;3
SERPINB8;3
IRS2;3
ARID5B;3
CTSF;3
HLA-DMA;3
LBH;3
C19orf48;3
CTNNAL1;3
MTHFD2L;3
PLXNA1;3
SERPINF1;3
OCIAD2;3
PPIF;3
FAM210B;3
ZNF428;3
STC2;3
TUBB2A;3
SNHG10;3
AKR1B1;3
ARHGAP5;3
GPAT3;3
ANAPC15;3
C16orf45;3
C16orf74;3
PRNP;3
RP11-680F8.1;3
PNKD;3
PRR34-AS1;3
MIR4458HG;3
ZNF880;3
ODC1;3
BATF3;3
C17orf89;3
PKIG;3
SAC3D1;3
NFKBIZ;3
PXDN;3
HSPE1;3
GCSH;3
NOP56;3
PTX3;3
BAG1;3
AC004556.1;3
AC015922.6;3
LSM10;3
RP11-156K23.3;3
C11orf31;3
PEX16;3
SOCS2;3
ZNF622;3
RP11-307P5.1;3
SUN1;3
MYEOV;3
KRT18;3
PLPP4;3
HSPA1B;3
SRSF1;3
CMTM3;3
CREM;3
RAB30-AS1;3
STK17B;3
KLHL18;3
HIST2H2BE;3
RBCK1;3
COL4A2;3
OSCAR;3
ZDHHC6;3
ARHGAP5-AS1;3
BRD7;3
COTL1;3
MRPL4;3
GMFG;3
ZNHIT2;3
EPC1;3
EXOSC6;3
STAT1;3
SSBP4;3
VCL;3
STRA13;3
SMAD1;3
CTSZ;3
BIN1;3
ADGRE1;3
CXCL3;3
RP11-14N7.2;3
TIMM10;3
EGFL7;3
ADAR;3
AHCY;3
RP11-160O5.1;3
BCL2L11;3
TIMM13;3
BPGM;3
FOXP1;3
CDA;3
VAT1;3
METTL12;3
AKAP12;3
ZNF655;3
ITPA;3
ADA;3
TNFAIP3;3
MCAM;3
PRR7;3
IER3;3
THUMPD3-AS1;3
LYPD1;3
GLS;3
THYN1;3
MARCO;3
HSD17B10;3
BRMS1;3
TMEM136;3
EBNA1BP2;3
MRPL1;3
MAFG;3
CD82;3
BBC3;3
ZSCAN16-AS1;3
LIMA1;3
DUSP14;3
PCBD1;3
CCDC69;3
PSME2;3
DDA1;3
FST;3
KLF6;3
RUVBL1;3
BAG2;3
MRPL20;3
C9orf116;3
CAMK1;3
FDX1;3
MRPS25;3
PVRL4;3
GPS1;3
CALB2;3
HRAS;3
ISOC2;3
MAP2K3;3
GTF2H2;3
TIMP2;3
RSRC1;3
CNPY2;3
MRPL11;3
MRPL34;3
HSPH1;3
CDK2AP1;3
KCNMA1;3
CHCHD1;3
NOP16;3
ATP5J2;3
COG3;3
MSX1;3
ATP5I;3
RNASEH1-AS1;3
CHI3L1;3
NMT1;3
WDR70;3
MT-ND1;3
HLA-DPB1;3
PDP1;3
SNHG21;3
CISD3;3
BCL2L1;3
RAP2B;3
AP2B1;3
FOSB;3
SLC35D2;3
SMIM13;3
DUSP1;3
KRT7;3
LRFN4;3
ESRRA;3
ACAA2;3
RRS1;3
MAN1A1;3
TM7SF3;3
GPR87;3
UHRF1;3
CAMK1D;3
MRPS26;3
LINC00657;3
CREB5;3
ALG13;3
MLLT11;3
ASAH1;3
MAGEA3;3
DUSP10;3
PSME3;3
RP11-525A16.4;3
MT-CO3;3
DHX9;3
SH2D2A;3
TIMM8A;3
NEDD9;3
GALNT7;3
PBDC1;3
APOA1BP;3
YRDC;3
SDF2L1;3
EXOSC3;3
ATP13A2;3
ACAT1;3
COL17A1;3
ZFP36L2;3
MIR222HG;3
MT-ATP6;3
NDUFS6;3
MAX;3
DGKG;3
EML4;3
AURKAIP1;3
NPM3;3
PSMC2;3
PALLD;3
C19orf25;3
TMEM126B;3
CISD1;3
PLAU;3
TBX3;3
C5orf24;3
MINOS1;3
RP11-1094M14.11;3
PSMG1;3
RABIF;3
NDUFAF4;3
C16orf91;3
C5orf56;3
TMEM126A;3
GCLM;3
CDC123;3
USP12;3
BCLAF1;3
RP11-356J5.12;3
SRM;3
SHKBP1;3
NADSYN1;3
CTHRC1;3
DLG1;3
CLPTM1L;3
GNPDA1;3
UBXN1;3
ISCU;3
TOP1;3
PODXL2;3
PGM2L1;3
IFRD2;3
MAGEA6;3
RP11-554I8.2;3
RRP36;3
CNN2;3
GTF3C6;3
NDUFB2;3
eGFP;3
RPP40;3
TBRG1;3
SAMM50;3
TIMMDC1;3
C14orf142;3
MRPL55;3
PCSK7;3
C11orf74;3
MYEOV2;3
RCC2;3
CUL4A;3
UROD;3
ATP5G3;3
AEN;3
ZFAND5;3
BANF1;3
COX14;3
NFE2L3;3
TNC;3
MINCR;3
SPRY2;3
SPTAN1;3
AP1S1;3
PAK1IP1;3
MIR99AHG;3
DCUN1D5;3
PRELID3B;3
EIF2S1;3
DPP7;3
MT-CYB;3
PAEP;3
SMIM12;3
ZFP91;3
ETV5;3
PHLDB2;3
FADS3;3
MAD2L2;3
HMGB2;4
CENPF;4
TOP2A;4
CENPW;4
UBE2C;4
BIRC5;4
PBK;4
KIAA0101;4
CKS1B;4
H2AFZ;4
LINC00704;4
PTTG1;4
MKI67;4
TPX2;4
CDKN3;4
SMC4;4
CDC20;4
AURKB;4
NUSAP1;4
STMN1;4
PRC1;4
CCNB1;4
UBE2T;4
RRM2;4
H2AFX;4
CENPK;4
MAD2L1;4
CDK1;4
TK1;4
DTYMK;4
NUF2;4
ZWINT;4
SKA2;4
CLSPN;4
TMPO;4
TFDP1;4
CKAP2;4
HELLS;4
DNMT1;4
CENPN;4
TMEM106C;4
FEN1;4
CKLF;4
CCNA2;4
HHIP-AS1;4
HNRNPAB;4
CALD1;4
AURKA;4
ASPM;4
CCNB2;4
HHIP;4
HIST1H4C;4
LOXL1-AS1;4
KPNA2;4
GTSE1;4
TUBA3C;4
CDKN2C;4
UBE2S;4
CEP55;4
CTGF;4
HIST1H1E;4
HMGB1;4
USP1;4
CENPA;4
TMEM160;4
CKS2;4
TYMS;4
GMNN;4
DCTPP1;4
CCDC34;4
POLE3;4
KIF20B;4
H2AFV;4
CENPU;4
ARHGAP18;4
ANKRD28;4
HMMR;4
AXL;4
HJURP;4
DEPDC1;4
FABP5;4
NRP2;4
DNAJC9;4
LOXL1;4
KNSTRN;4
PARP1;4
HMGB3;4
MIS18BP1;4
MT-ND6;4
SGOL1;4
SRSF3;4
DHFR;4
ANP32E;4
PLD1;4
SVIP;4
TMEM109;4
GINS2;4
WDR34;4
ITGAE;4
TRIP13;4
TACC3;4
CTNNBIP1;4
RNASEH2A;4
SERTAD4-AS1;4
COMMD4;4
CKAP2L;4
RANBP1;4
NUDT15;4
DDX39A;4
CYB5B;4
DLGAP5;4
TCF19;4
SPC25;4
PHGDH;4
CMC2;4
HNRNPM;4
SORBS2;4
RRM1;4
ANLN;4
DEK;4
TEX30;4
RHNO1;4
CDCA5;4
TSEN15;4
CENPE;4
C1QL1;4
RGS4;4
FOXM1;4
HIST1H1C;4
CBX5;4
TFAM;4
DHRS2;4
POP7;4
CDCA3;4
RAD51C;4
ARL6IP1;4
TMA16;4
GALNT1;4
NDC80;4
MBD2;4
ECT2;4
GOLIM4;4
ZNF22;4
HMGN2;4
KIF23;4
AP1B1;4
YEATS4;4
NASP;4
GGH;4
HIST2H2AC;4
DBF4;4
C9orf142;4
MZT1;4
MAZ;4
CDCA8;4
AMD1;4
RPA3;4
MRPL13;4
ENSA;4
SRSF10;4
PSMB9;4
CENPM;4
RFC3;4
NTNG1;4
ADI1;4
GPSM2;4
SFPQ;4
DLEU1;4
PCNA;4
SAE1;4
MBNL1;4
TWIST2;4
BCL7C;4
LSM6;4
VRK1;4
DIAPH3;4
PSMC3IP;4
KIF22;4
RAD51AP1;4
APITD1;4
CLIC4;4
TPM1;4
PPP3CA;4
WHSC1L1;4
CDC42EP1;4
CBX1;4
NUP37;4
SIGMAR1;4
C7orf49;4
PCIF1;4
NUCKS1;4
CNRIP1;4
ASF1B;4
EIF5A;4
MCM5;4
NF2;4
CREB3L2;4
UBALD2;4
GLIPR2;4
ACYP1;4
MT-ND3;4
STAG1;4
MELK;4
PRKDC;4
E2F1;4
PGP;4
MCM3;4
PAWR;4
TROAP;4
RACGAP1;4
EXOSC8;4
PXMP2;4
PCGF5;4
FAM111A;4
PHF19;4
MAGOHB;4
PSIP1;4
SRSF7;4
LRR1;4
G3BP1;4
PSMG3;4
PCM1;4
ATAD5;4
SUDS3;4
FOXD1;4
CALM2;4
CASP8;4
ORC6;4
WHSC1;4
MRPL15;4
CCDC144NL-AS1;4
RP5-1028K7.2;4
FBXO5;4
VEPH1;4
SSX1;4
HOXB2;4
ARL6IP6;4
SIVA1;4
SPDL1;4
RGS3;4
ATAD2;4
DLEU2;4
ARHGAP29;4
ARHGAP11A;4
RFC2;4
CDCA7;4
RFC4;4
FGD5-AS1;4
LMNB1;4
RFC1;4
KHSRP;4
PAQR4;4
SS18L2;4
NAA38;4
SMIM10L1;4
EPB41L2;4
SNRPG;4
UNG;4
EIF1AY;4
MYCBP2;4
ACTL6A;4
RMI2;4
KIAA1524;4
MND1;4
ANPEP;4
THAP7;4
HNRNPR;4
GGCT;4
SLC39A10;4
LMNB2;4
C9orf40;4
CDCA2;4
GPAA1;4
PHF14;4
MCM4;4
SNRPD1;4
PSMB8;4
MIS18A;4
NAA50;4
EFEMP1;4
HNRNPD;4
SNX5;4
MED30;4
SPC24;4
CENPB;4
NRGN;4
ERH;4
SNRPF;4
EIF4E;4
PMVK;4
RNF26;4
MDFIC;4
TCTEX1D2;4
CASC5;4
TOPBP1;4
RBMS1;4
CDC25B;4
C8orf4;4
SSFA2;4
JPX;4
TUBB4B;4
LYAR;4
CDT1;4
CHAF1A;4
MKKS;4
NUDT1;4
TJP1;4
SRSF6;4
SCLT1;4
SLC35A4;4
SKA3;4
FAM96A;4
PTMS;4
KIFC1;4
HIRIP3;4
FAM133B;4
RNASEH2C;4
HN1;4
LSM5;4
U2SURP;4
ANKRD9;4
RP11-350J20.12;4
BAZ1B;4
ASCC3;4
MSRB3;4
ASNSD1;4
C3orf14;4
MTHFD2;4
EXOG;4
HOXA10;4
MRPS14;4
ACTN4;4
PPIH;4
KMT5A;4
ESCO2;4
H1FX;4
HNRNPA2B1;4
KIF4A;4
HAUS1;4
PHF5A;4
NCAPD2;4
LETM2;4
CENPV;4
PEG10;4
SUPT16H;4
HNRNPH1;4
