gene;cluster
TXNIP;1
SLAMF9;1
PLOD2;1
MME;1
LOX;1
CA9;1
C10orf10;1
ISG20;1
GBE1;1
LOXL2;1
P4HA2;1
SCD;1
C4orf3;1
SERPINE2;1
INSIG2;1
RP11-400N13.3;1
GS1-600G8.5;1
ANG;1
TREM1;1
KRT15;1
RP11-798M19.6;1
VEGFA;1
LAT;1
NGLY1;1
POC1B;1
PPP1R13L;1
GPI;1
ARG2;1
HAS2;1
RP11-575F12.3;1
TPBG;1
AC003092.1;1
ADGRL4;1
DNASE1L1;1
EEF1G;1
FAM20C;1
CCDC107;1
POLD4;1
CITED2;1
WSB1;1
SLC6A8;1
GABARAP;1
DHCR7;1
QSOX1;1
LAMB3;1
FAM114A1;1
BHLHE40;1
MSMO1;1
CPNE3;1
DLGAP4;1
TMBIM1;1
EPB41L3;1
GNG11;1
SRD5A3;1
SMTN;1
ELL2;1
IL1RAP;1
SDC2;1
DHRS7;1
WIPI1;1
LTBP3;1
CA12;1
VKORC1;1
COL6A3;1
NOL3;1
FUT11;1
LOXL3;1
SEZ6L2;1
SAP30;1
C4orf47;1
HES1;1
CCDC53;1
BTG1;1
PHF1;1
FAM3C;1
CECR5;1
SLC14A1;1
MVK;1
LRP1;1
ARHGAP22;1
STC1;1
SCG5;1
PTEN;1
CD55;1
RAB32;1
NMU;1
ATP2B1;1
KCNN4;1
PCAT6;1
UBE2V2;1
ACSL3;1
CMTM7;1
ZFYVE21;1
DDX50;1
VEGFC;1
ECM1;1
YIPF2;1
ACAT2;1
IGFBP7;1
SEC24A;1
TMEM45A;1
RDH11;1
TMEM263;1
AHNAK2;1
PDE4DIP;1
F11R;1
RP11-841O20.2;1
EHD2;1
F3;1
TBC1D9B;1
NPEPPS;1
MPZL1;1
SCARB2;1
AK4;1
PBX3;1
RHOC;1
RP11-395G23.3;1
NSMCE1;1
WSB2;1
ESM1;1
PTPRR;1
ZNF385A;1
USP3;1
WDR45B;1
CLEC2B;1
GLTP;1
TRAM1;1
VLDLR;1
EIF5A2;1
RP11-390P2.4;1
SQLE;1
GLIPR1;1
ELOVL5;1
SEC23A;1
SUCLG2;1
CD46;1
LINC00998;1
PSMD9;1
STARD4;1
SLC39A11;1
EPAS1;1
SEC31A;1
RP11-357H14.17;1
HPS3;1
JUNB;1
SLC6A6;1
SOX4;1
BET1;1
DERL1;1
RAP1B;1
IFFO1;1
TSC22D3;1
CCDC80;1
UFSP2;1
RP11-11N9.4;1
AP1S2;1
PAM;1
MLXIP;1
CERS2;1
GRINA;1
TNIP1;1
CDKN2D;1
IL10RB;1
TRIQK;1
YIPF5;1
SMPD1;1
LAYN;1
OSTF1;1
TMEM107;1
DSE;1
P3H1;1
SEMA5A;1
FAM13A;1
CALU;1
SUN2;1
EVI2A;1
FXYD5;1
SPOCK1;1
CCNG2;1
STEAP3;1
CRIP2;1
MAGED1;1
FDPS;1
MMP14;1
GOLT1B;1
TMEM158;1
IDI1;1
GLT8D1;1
CHST2;1
DNAJB2;1
HIST3H2A;1
HCFC1R1;1
TMF1;1
CLDND1;1
PPDPF;1
RORA;1
SESTD1;1
MYL12A;1
HLA-B;1
SDC4;1
TUBA4A;1
PPP2R5B;1
TGFB1I1;1
LINC01583;1
FAM129B;1
ADTRP;1
ZFAND1;1
RPS4Y1;1
MGAT1;1
MICA;1
PORCN;1
TMEM55A;1
SLC17A5;1
ABTB1;1
SLC39A7;1
TMED9;1
ITGB1;1
GOLGA5;1
CRABP2;2
AC019172.2;2
ANXA10;2
CD74;2
HLA-DRA;2
ENO2;2
LINC00520;2
PARP16;2
SERPINE1;2
SEMA4B;2
HLA-DPA1;2
EEF1A2;2
FILIP1;2
FLT1;2
BNIP3;2
HLA-DRB1;2
TMEM255B;2
PGK1;2
LRRC38;2
ZP1;2
NEFL;2
SLC2A1;2
CYSTM1;2
MT1X;2
BACE2;2
OSMR;2
MXI1;2
FAM162A;2
TM4SF19;2
ITPR1;2
PLAT;2
BCL2A1;2
TNFSF15;2
CD7;2
NAMPT;2
CIB1;2
VGF;2
IL1B;2
GSTM3;2
GDF15;2
NRIP3;2
TNNT1;2
PFKL;2
RRAS;2
HK2;2
NARF;2
ID3;2
CAPG;2
SBSN;2
TPO;2
FHL2;2
LDHA;2
PSAP;2
LPO;2
CTSL;2
TFF2;2
CD44;2
TRPT1;2
PDPN;2
IGFBP6;2
CCDC30;2
NPC1;2
CORO1B;2
LINC01021;2
ZPR1;2
HK1;2
CMB9-22P13.1;2
ID1;2
HBE1;2
DNER;2
HEXB;2
PITPNC1;2
MAD1L1;2
PAPPA;2
HLA-DMA;2
TMEM176B;2
SFR1;2
GLRX;2
RP11-367F23.2;2
CMBL;2
SP100;2
CLK3;2
PFKP;2
ZNF880;2
CATSPER1;2
ATP13A3;2
GPAT3;2
TKT;2
APLP2;2
CACNA1B;2
MPI;2
PROCR;2
RBPJ;2
NEK6;2
CSNK1D;2
PHLDA3;2
WBP2;2
RAB20;2
PDXK;2
CCNG1;2
GRN;2
ERGIC1;2
STC2;2
MBOAT7;2
PYGL;2
TEX30;2
ECI2;2
TMEM134;2
TUBB2A;2
WFDC3;2
LTA4H;2
ATP6AP2;2
SMAP1;2
NPC2;2
MFSD10;2
CLMP;2
CTSF;2
SLC22A18;2
EIF4A2;2
EIF3D;2
SERPINB6;2
OSCAR;2
ZNF581;2
CDKN1A;2
CREM;2
DDIT4;2
TIMP1;2
DPCD;2
LIMCH1;2
FEZ2;2
FBXO17;2
MARCO;2
DARS;2
LYPD1;2
LTBP1;2
SERINC3;2
ARHGAP5;2
EGFL7;2
TRIB3;2
FTL;2
HEXA;2
EVA1B;2
ARHGAP5-AS1;2
ACOT13;2
RP11-49I11.1;2
KRT7;2
EPB41L4A-AS1;2
VAT1L;2
CTSA;2
CTSD;2
ERGIC3;2
PGAM1;2
HSPA8;2
BLVRB;2
RBCK1;2
EIF3M;2
TPD52;2
NUDT22;2
ETHE1;2
FST;2
GAPLINC;2
PI3;2
CTNNA2;2
TPM2;2
HLA-DPB1;2
TMEM136;2
PPP2R1A;2
CHPF;2
SLCO4A1;2
UQCRC2;2
UBC;2
CD300A;2
FGF10-AS1;2
YIF1A;2
RP11-525A16.4;2
GNAI3;2
PODXL2;2
NUCB1;2
CHID1;2
EEF2;2
VDAC2;2
FAM50A;2
DGKG;2
RNASET2;2
GRSF1;2
LETMD1;2
SHISA4;2
PKM;2
MFI2;2
C6orf48;2
ERP44;2
IL36RN;2
TSG101;2
OSER1;2
CCT8;2
LGALS3;2
CSNK1E;2
GLRX3;2
BZW1;2
GNPDA1;2
GSTO1;2
TMEM70;2
G6PD;2
COL17A1;2
C15orf48;2
ZFAS1;2
IGBP1;2
ATP1A1;2
TMEM132A;2
SND1;2
TTC9C;2
THUMPD3;2
DDOST;2
SDHA;2
TRIOBP;2
BASP1;2
ACTA2;2
PLIN3;2
SPATS2;2
GCLM;2
AGRN;2
LAIR2;2
PMP22;2
ZNF560;2
NUDT14;2
IGHA1;2
CSNK2B;2
IL36B;2
ASAH1;2
NOB1;2
CUL4A;2
RUNX1;2
UQCC1;2
UBE2E1;2
CALB2;2
NKAP;2
UBXN1;2
TM2D1;2
FDFT1;2
THG1L;2
RTN4RL2;2
MRPL10;2
SPOCD1;2
BRI3;2
AP3S1;2
CPNE1;2
ZNF292;2
NADSYN1;2
PDCD6;2
SAT2;2
PIGT;2
MT2A;2
SEC13;2
STAMBP;2
DBP;2
PMPCB;2
AP1S1;2
VAT1;2
MAD2L2;2
METRNL;2
RRAGC;2
RNF114;2
NBL1;2
STX8;2
RNH1;2
MMP1;2
SRPK2;2
C14orf166;2
NDUFA8;2
TGFA;2
IGF2BP3;2
FCRLB;2
SCCPDH;2
BLVRA;2
UPK1A-AS1;2
CAMK2N1;2
B3GAT3;2
EIF3H;2
PTPRN;2
RIOK3;2
C11orf74;2
DALRD3;2
FOSL2;2
TMEM120A;2
PAEP;2
RGS10;2
LINC00922;2
MACROD1;2
CTNNA1;2
TUBB6;2
KDELC1;2
KDSR;2
NOV;2
SYNGR1;2
EIF3L;2
HLA-E;2
RASSF8;2
WDR45;2
UNC119;2
APPL1;2
ATXN10;2
FLJ26245;2
C9orf116;2
RTN4;2
TRAPPC6A;2
NIFK;2
TCERG1L;2
MED10;2
AATF;2
PPIE;2
IL24;3
HBEGF;3
VCX;3
VCX3B;3
CEMIP;3
TEX29;3
MDK;3
KRT81;3
PDLIM1;3
C19orf33;3
MT1E;3
PAGE1;3
LINC00958;3
ABHD17C;3
VCX3A;3
RP11-669N7.2;3
HMGN3;3
ISG15;3
CCL2;3
DMKN;3
NNMT;3
PLEK2;3
SERINC2;3
IFI6;3
IRF1;3
ARL14EPL;3
NFKBIA;3
CLU;3
SNRNP25;3
SLC30A1;3
MAGEC2;3
BST2;3
GRAMD1B;3
RP11-670E13.6;3
AJAP1;3
SFRP1;3
ALDH2;3
GALNT8;3
UBE2S;3
FAM210B;3
SERPINB8;3
TIMM8B;3
OCIAD2;3
CMTM8;3
ANAPC15;3
SNHG15;3
ARID5B;3
AKR1B1;3
AHCY;3
C16orf74;3
IRS2;3
ODC1;3
PEX16;3
C11orf31;3
FDXR;3
ABL2;3
CTNNAL1;3
GMFG;3
NFKBIZ;3
SAC3D1;3
HSPE1;3
C17orf89;3
RP11-307P5.1;3
RP11-14N7.2;3
RAB30-AS1;3
ZNF622;3
C16orf45;3
GCSH;3
PCBD1;3
CAMK1;3
ZNF655;3
MRPL4;3
ZNHIT2;3
TNFAIP3;3
DDB2;3
STAT1;3
CDA;3
THYN1;3
STRA13;3
GPR87;3
NOP56;3
CXCL3;3
BCYRN1;3
FDX1;3
PKIG;3
CHMP4B;3
LIMA1;3
FOXP1;3
KRT18;3
COTL1;3
BIN1;3
PTX3;3
TWF1;3
HRAS;3
BRMS1;3
TIMM10;3
STX3;3
TMEM126A;3
ADGRE1;3
PVRL4;3
HSPH1;3
HSD17B10;3
MRPL11;3
ACAA2;3
BBC3;3
TM7SF3;3
METTL12;3
SH2D2A;3
MRPS25;3
GPS1;3
eGFP;3
VEGFB;3
NPM3;3
EBNA1BP2;3
MRPL34;3
NDUFS6;3
PDP1;3
ZMAT3;3
SLC35D2;3
GAL;3
MYC;3
PRELID3B;3
RAP2B;3
CNPY2;3
ESRRA;3
KCNMA1;3
RP11-554I8.2;3
ISCU;3
PTPMT1;3
BCL2L1;3
ACAT1;3
MIR99AHG;3
NOP16;3
AURKAIP1;3
MSX1;3
MTCH2;3
APOA1BP;3
TXNRD1;3
MRPS26;3
MDM2;3
PTS;3
TNC;3
MT-ND1;3
YRDC;3
DCUN1D5;3
TMEM126B;3
SAA1;3
CLPTM1L;3
SLC12A8;3
PSME2;3
SAMM50;3
HEG1;3
LRFN4;3
ATP5B;3
STARD10;3
CTSZ;3
CAMK1D;3
SRM;3
RPP40;3
NDUFB2;3
BEX1;3
PKN1;3
TCEAL1;3
FADS3;3
PPP1R15A;3
PBDC1;3
CHI3L1;3
PHLDB2;3
IER3;3
ICAM1;3
TBRG1;3
COX14;3
SNF8;3
MT1G;3
GTF3C6;3
BAX;3
MT-ATP6;3
IL6;3
NDUFC2;3
UBAC1;3
TIMMDC1;3
TP53I3;3
CLNS1A;3
EIF3B;3
ZNF593;3
MPST;3
SIGLEC15;3
RPS10;3
MT-CO3;3
AC006262.4;3
VSTM1;3
FIBP;3
MRPS10;3
PARL;3
DLG1;3
LINC00475;3
SLIRP;3
DPP7;3
TSPY10;3
LARP6;3
RCN2;3
FAM92A1;3
TRMT10C;3
HDDC2;3
ZDHHC12;3
NDUFV1;3
MT-ND4L;4
ATF3;4
HMGB2;4
FN1;4
LINC00704;4
DPYSL3;4
NR4A1;4
TSC22D1;4
GJB2;4
LSP1;4
TRAC;4
CENPW;4
CENPF;4
H2AFZ;4
TXNRD2;4
TMSB4X;4
SGK1;4
UBE2C;4
IAH1;4
KIAA0101;4
ZFP36;4
CKS1B;4
TOP2A;4
CMSS1;4
PBK;4
SNHG25;4
BIRC5;4
AC090498.1;4
HHIP-AS1;4
H2AFX;4
SNHG19;4
NUSAP1;4
PTTG1;4
TFDP1;4
SNHG9;4
CKLF;4
SMC4;4
LOXL1-AS1;4
STMN1;4
HHIP;4
ZWINT;4
MKI67;4
SKA2;4
TOMM5;4
MT-ATP8;4
CHMP1B;4
UBE2T;4
VMP1;4
ARHGDIB;4
TPX2;4
RHOB;4
SEPW1;4
CDKN2C;4
HNRNPAB;4
CENPK;4
TMPO;4
CALD1;4
HSPA1A;4
S100A4;4
HELLS;4
COL4A1;4
MAD2L1;4
RP11-386I14.4;4
AURKB;4
ARHGAP18;4
RRM2;4
HSPB1;4
HIST1H1E;4
LAMA4;4
PRC1;4
POLE3;4
TK1;4
DTYMK;4
PRSS3;4
CYR61;4
CDKN3;4
NRP2;4
CLSPN;4
CDK1;4
FABP5;4
TRIML2;4
AMOTL2;4
CSTF3;4
HMGB1;4
TMEM106C;4
PRPF4B;4
PLD1;4
DNMT1;4
CTGF;4
ANKRD28;4
CTD-3252C9.4;4
SVIL;4
DENND2A;4
USP1;4
H2AFV;4
CENPN;4
CKAP2;4
SMARCD1;4
DAP;4
FEN1;4
HIST1H4C;4
SORBS2;4
CTNNBIP1;4
NUF2;4
TPST1;4
PHGDH;4
SRSF3;4
EIF3J;4
LRRC17;4
ITGAE;4
NR4A2;4
GTSE1;4
AXL;4
TMEM109;4
RRP15;4
CDC20;4
CDC42EP3;4
ZNF22;4
TYMS;4
DCTPP1;4
DHFR;4
GMNN;4
LBH;4
SERTAD4-AS1;4
CENPU;4
TSEN15;4
CCNB1;4
ASPM;4
LOXL1;4
NOG;4
CEP55;4
NUDT15;4
MT-ND6;4
CCNA2;4
COMMD4;4
AP1B1;4
KIF20B;4
DNAJC9;4
HMGB3;4
CYB5B;4
SRSF2;4
SVIP;4
TSPAN9;4
CCDC34;4
FSTL1;4
RGS4;4
MIS18BP1;4
RP11-366H4.1;4
MTHFD2L;4
WDR34;4
TCF19;4
RANBP1;4
CKAP2L;4
LINC01116;4
GOLIM4;4
SMC2;4
RP11-680F8.1;4
DEK;4
PLK1;4
TMA16;4
NTNG1;4
CBX5;4
MBD2;4
AURKA;4
CENPA;4
PXDN;4
KNSTRN;4
DLEU1;4
PRR34-AS1;4
CMC2;4
RNF145;4
CLIC4;4
DEPDC1;4
MAZ;4
SRSF1;4
SNHG10;4
RHNO1;4
CMTM3;4
C9orf142;4
HJURP;4
TFAM;4
HSPA1B;4
PARP1;4
CKS2;4
SOCS2;4
C19orf48;4
ANP32E;4
ANLN;4
HIST1H1C;4
AC004556.1;4
SNX9;4
HIST2H2BE;4
GAS6;4
CDC42EP1;4
MYEOV;4
FOXM1;4
SGOL2;4
GLIPR2;4
BCL7C;4
STK17B;4
KLHL18;4
C1QL1;4
WHSC1L1;4
ADI1;4
RFC3;4
HMMR;4
PLPP4;4
SMAD1;4
MBNL1;4
COL4A2;4
MYBL2;4
SGOL1;4
HMGN2;4
ZDHHC6;4
TAOK3;4
GINS2;4
RAD51C;4
BCAP29;4
SRSF10;4
GALNT1;4
GPSM2;4
EXOSC6;4
ENSA;4
AC015922.6;4
DKK3;4
PAWR;4
ACYP1;4
RP11-156K23.3;4
MRPL1;4
CREB3L2;4
TWIST2;4
LSM6;4
RNASEH2A;4
STAG1;4
CDCA5;4
C7orf49;4
BPGM;4
HIST2H2AC;4
EIF5A;4
HOXB2;4
ECT2;4
RGS3;4
SUDS3;4
MRPL13;4
NUCKS1;4
DUSP14;4
CNRIP1;4
CCNB2;4
DIAPH3;4
PTPRE;4
DHRS2;4
MELK;4
TACC3;4
TPM1;4
APITD1;4
AGAP2-AS1;4
ARL6IP6;4
ADAM9;4
ASF1B;4
CBX1;4
YEATS4;4
PSMC3IP;4
PSMG3;4
SERPINF1;4
PPP3CA;4
MRPL15;4
G3BP1;4
EIF1AY;4
KIF23;4
CASP8;4
PSMB9;4
CCDC144NL-AS1;4
KLF6;4
SNX7;4
PRR7;4
MAN1A1;4
FAM216A;4
ASAP1;4
MZT1;4
FAM111A;4
CENPM;4
SIGMAR1;4
CDCA8;4
NASP;4
CD82;4
RAD51AP1;4
CDK2AP1;4
PCM1;4
DECR1;4
RSRC1;4
BCLAF1;4
WDR70;4
ANTXR2;4
VCL;4
UNG;4
ZSCAN16-AS1;4
RIN2;4
CDCA7;4
ATAD2;4
MYCBP2;4
CENPH;4
ATP5I;4
PCNA;4
EPB41L2;4
NF2;4
PHF19;4
CALM2;4
LRR1;4
RNASEH1-AS1;4
DLEU2;4
GGH;4
SMIM10L1;4
CENPE;4
PAQR4;4
PXMP2;4
RP5-1028K7.2;4
C8orf4;4
ATAD5;4
ZFP36L2;4
SCOC;4
CRNDE;4
SDF2L1;4
SLC39A10;4
FGD5-AS1;4
RRM1;4
PHF11;4
SIVA1;4
SPC25;4
MED30;4
VRK1;4
CENPB;4
RPA3;4
C5orf56;4
RFC1;4
MSRB3;4
ATP13A2;4
DHX9;4
PRKDC;4
THAP7;4
HIRIP3;4
E2F1;4
ORC6;4
NAA38;4
DLGAP5;4
FBXO5;4
VEPH1;4
PGM2L1;4
PGP;4
EML4;4
SNX5;4
PSAT1;4
NDC80;4
TJP1;4
KIF22;4
MCM3;4
CDCA3;4
DBF4;4
CHCHD7;4
NAA50;4
LMNB1;4
SDCCAG8;4
RRBP1;4
RB1;4
FAM133B;4
PSIP1;4
EIF4E;4
SNHG21;4
SPC24;4
FGFR1OP2;4
TCTEX1D2;4
DUSP10;4
MDFIC;4
KIAA1524;4
HERPUD1;4
ASNSD1;4
INHBA;4
SSFA2;4
STEAP1;4
UHRF1;4
RAD21;4
ITGA10;4
RACGAP1;4
GPAA1;4
MCM5;4
PHF14;4
MAGOHB;4
RABIF;4
PSMB8;4
RP11-1094M14.11;4
NCAM1;4
H1FX;4
SGCE;4
C14orf142;4
PPP1R12A;4
CHMP3;4
LMNB2;4
SMC1A;4
CTHRC1;4
TMEM154;4
ESCO2;4
TPST2;4
CDK11B;4
EXOG;4
GPX8;4
TCF4;4
SSX1;4
HS3ST3A1;4
HNRNPR;4
PLS3;4
BACH1;4
SORBS3;4
EID1;4
SLC38A2;4
MIR222HG;4
PPIL1;4
TACC1;4
RCC2;4
SMARCA5;4
CDH2;4
MND1;4
IMMP1L;4
RGS2;4
ITGBL1;4
DDAH1;4
RBMS1;4
OSR2;4
PALLD;4
NUP37;4
JPX;4
HOXA10;4
CHRAC1;4
NEK2;4
HMGXB4;4
SS18L2;4
NPAS2;4
EEA1;4
PTMS;4
MKKS;4
MSRB1;4
PEG10;4
SRSF7;4
KIF2C;4
SNRPF;4
GALNT7;4
SHOC2;4
ARL6IP1;4
C16orf91;4
NCL;4
LINC01184;4
PSRC1;4
MRPS14;4
NR2F1;4
RP11-350J20.12;4
SUPT16H;4
CHAF1A;4
HNRNPH1;4
EZH2;4
CHD3;4
C7orf55;4
DOCK4;4
AMIGO2;4
BAZ1B;4
HYI;4
S100A3;4
UBN1;4
KIFC1;4
CFAP97;4
RMI2;4
BORCS8;4
TGM2;4
R3HDM1;4
C5orf24;4
MCM4;4
WHSC1;4
CHD9;4
CASC5;4
ZCCHC9;4
RFC4;4
PDLIM3;4
SCLT1;4
C16orf59;4
C8orf33;4
JMJD8;4
H2AFJ;4
CDCA2;4
PABPN1;4
TOPBP1;4
FAM126A;4
PPA2;4
ASS1;4
ANKRD9;4
LARP7;4
COG3;4
ARHGAP11A;4
YAF2;4
MRPS28;4
CCDC14;4
DR1;4
SPDL1;4
RFC2;4
C9orf3;4
MIS18A;4
ZNF644;4
